accession_s,accession_l,accession_np,accession_gp
KF478766,NC_004297,MH157046,MK118037
KF478769,MK107845,MH053523,AJ969407
MK107923,MK107844,MK118037,MK118017
MK107940,MK117869,AY628207,MK117974
MK107939,MK117832,KM822128,MK117978
MK107912,MK107864,AY628208,MK118032
MK117992,KF478760,MG812675,MH028398
MK107919,MF990886,AF181853,MH028396
KF478768,MF990887,U80004,MH028397
MG812653,KU961972,MH028399,JN651370
MK107898,KF478761,MH028401,HM143866
MK117952,MK107863,MH028400,MK107927
MK107911,KM821985,KT992425,JX845171
KF478765,MK117909,MK118005,KT992438
MK107897,MK117903,MK118017,KT992437
MK107916,MK117931,MK118013,KT992439
KF478767,MK117911,JX845169,KT992436
MK107920,MK117901,MK118015,KT992425
MK107899,KM821978,MK117974,MK118013
KM822124,MK107847,MK117960,MK117953
MK107918,MK107848,MK117961,MH157030
KM822055,MK107850,MH887860,MK107981
MG812663,MK107849,MH887837,KM821977
KM821798,MK107851,MK117853,MK107969
KM822029,MK107893,MK107925,KM821976
KM822031,KM822073,MK117995,KM821974
KM822027,KM822036,MH053552,MK107958
MK107941,MK107852,MH053560,MK107959
KT992416,MK107853,LC387474,MH053567
KT992420,MK117910,MH053501,LC388587
KT992418,KM821911,LC387478,LC388588
KT992421,KM821923,LC387486,LC388589
KM821773,KM821919,MK117993,LC388579
MG812648,KM822011,MK117975,MK117950
KM821775,KM822017,MK117994,MK117961
KM821816,MH887994,MK117980,MH887860
KM821822,KM821997,MK118019,MH887837
KM822130,MK291253,MK117996,MK117853
KM821835,KM822068,MH887799,MK117960
KM821847,MK117881,MK107961,MK107926
KM821857,MK107894,LC387480,MG812641
MG812636,MK107862,KM821979,KU978811
MG812667,MK117897,MH887820,MK107962
KM821826,MH887991,MK107926,MK107928
JN650517,MK117912,MK118020,MK107967
KM821787,MH888008,MH053572,MK107966
KM821785,MH887913,GU481068,MK107922
KM821789,MK117894,LC387470,MF317945
KM821863,MH887972,MK107924,MF317946
KM821777,MH887952,LC387476,JN651400
KM821810,MK117921,LC387482,GU481066
MG812639,MK117917,MK118018,LC388576
KM821828,MH887953,MH887828,MH053560
MH215285,MH887918,LC387484,MK107957
MH215283,MH887997,LC387488,MK107925
MH215289,MH887917,MK107902,MK107976
KM821900,MH053563,MK107903,MK118020
MG812643,MH887978,MK107904,MF317932
MN275173,MH053508,MK107905,MF317936
KM821783,KM822070,MK107906,MF317938
MG812645,MH887905,MK107970,KJ944259
MH215287,MH053535,LC387472,MH053552
MH215279,MK117885,MH053527,MK117992
MG812632,MH888006,MH887834,MH887880
MG812673,KM822005,LC387468,LC388592
KM821902,MK117891,MH157039,GU481056
MG812631,MK117835,MK117953,GU481058
KM821818,MH157049,MK118004,MK107924
KM821796,MH887968,MK117957,LC387470
KM821800,MH887975,MH887814,LC388575
KM821882,MH887976,MK118023,MH053501
KM821839,MH887909,MK118006,LC387486
KM821874,KM822061,MK118038,MH053572
KM821856,MK117943,MK117982,GU481068
KM821837,MH887965,MH053562,KJ944261
KM821781,MH053525,MK107942,MH053584
KM821802,MH887951,MK107960,MK117975
KM821812,MH887899,MK118032,LC388585
KM821841,MK117845,MK107952,MK118019
KM821850,MK117844,KM821977,MK117994
KM821779,MH887970,KM821976,MH887834
MK117982,MH888007,KM821974,MK117993
KM822086,MK117882,MK107969,LC387488
KM822107,MK117935,MK107958,LC387482
KM822000,KM822009,MK107959,MK117996
KM821990,MH887925,MK107901,MH887799
MK117859,MH887971,MH887880,MH157039
MK107962,MH053587,MG812681,MK107923
KM822069,MK117880,AF181854,KM821979
KM822045,MK117834,AF182219,MK107961
MK118000,MK117922,AF182220,MK107970
KM821941,KM821942,MH887846,MK118018
KM822072,MH887898,MK107913,MK117980
MK107907,MH887900,MK117979,MK117995
KM822074,KM822040,MK117977,MH887828
MK107908,MH887921,MH887771,MH887820
KM821935,MH887977,MK117847,LC387474
KM821971,KM821870,MH053491,LC387484
KM822091,MK107869,MK117968,LC387480
KM821982,GU481069,MH887765,MH053527
KM821951,GU481077,MK107955,MK107902
KM822041,MH887923,MH157041,MK107903
MK107901,KM822034,MH887852,MK107904
KM821976,KF478762,KM821982,MK107905
KM821931,MK107873,MH887842,MK107906
MG812675,MK107892,MH053511,LC387472
KM822128,MK107890,MK117985,LC387476
KM822025,KM821817,MH887787,LC387478
KM822047,KM822026,MH887841,LC387468
KM822033,KM822044,MK117865,LC388580
KM822035,MK107867,MK118031,LC388582
MK107956,MG812676,MH887759,LC388583
KM821945,KM821944,MH053483,LC388584
MK107964,MK117896,MK107908,LC388586
KM821953,MK117876,MK107907,LC388590
KM821824,MK117833,MH887800,LC388581
KM822132,MK107857,MH887783,JN651399
KU978810,MK117879,MH887777,LC388578
MG812683,MK107870,MK291249,MK117981
KM821861,MK117942,MH053485,MK118004
KM822115,MK117898,KM822006,MK118012
KM821814,MK117936,MK117973,MK117954
MG812665,KM821858,KM822095,MK118014
KM822120,KM821883,MK291248,MK117969
KM821792,KY425634,MK117863,JQ511992
MG812679,KM821898,MK118027,KM821984
MG812655,KM822131,MH887851,MH887894
KM821894,MG812633,MK281627,MK118024
KM821820,KM821849,MH053574,HM143867
KM821996,KM821851,MH053582,MT001749
MG812635,KM821784,KM821949,MF317937
MK107905,KM821780,MK117958,MK117957
MK107926,MN275172.1,MH887875,MK117966
MK118018,KM821838,MK117964,MK107977
MK107961,KM821778,MK117976,MK107901
MK107903,KM821873,MK117856,MK107952
KM821979,KM822129,MH887887,MK107960
MK107902,KM821809,MH887779,MH053562
MK107904,KM821782,MK118000,MK107942
MK107970,KM821840,MK117859,KM822039
MK117975,MG812642,MH053506,KM822063
MK107906,KM822054,MH887782,HM143876
KM822022,KM822024,MK281625,JN651376
KM821937,KM821855,KM821929,MH157037
KM821955,MG812644,KM822004,MK118010
KM821914,MH215286,MK117862,MK118005
KM821918,MK117929,MH887889,MK117863
KM821912,GU481079,MK118025,MH887851
KM821916,GU481075,MH887769,MK118027
KM821922,MK107895,KM821945,MG812681
KM821959,MH887928,KM822091,AF181854
KM821943,KM822100,MH887756,KM821961
KM821961,MH887936,MH887838,MK117983
KM822057,KM821952,KM822020,MK117998
MK107943,KM821864,KM821972,MH887836
MK107944,KM821908,KM822060,MH887821
KM822049,KM821888,MH887847,KM822095
MK117854,KM821825,KM821992,KM821922
MK107937,KM821799,MH887869,KM822047
MK117968,KM822032,KM822074,KP640562
MK118007,MH215282,KM822022,MK118033
KM821927,KM821795,KM822080,MK117848
MK117963,KM822028,MH053553,MT001747
KM822053,MH157036,MH887772,KP640565
KM822051,KM821991,MN123701,MK118039
MG812641,MH887914,MN123702,MH887784
KM821957,MK117887,MN123706,MH053511
KM821984,MH887932,MN123708,MH887852
KM822118,MH887948,MK281624,KP640568
KM821808,MH887911,MH887785,KP640569
KM821794,KM822015,MH053502,KP640573
KM821833,MK117934,MH157030,KP640575
MG812647,KM822098,MH887823,MK118006
KM822082,MK107858,KM821986,HM143881
KU978811,MG812666,MH887825,MK117955
MK117960,KM821819,KM821916,MK117988
KM821933,KY425651,KM821918,MK118015
KM821947,KM821811,KM821927,MK117997
MK107936,KM821791,MH053488,MK117857
KM822039,KM821834,MH053576,MH887874
MK107922,KM821836,MH053538,MK291250
MK107928,KM822123,KM822093,JN651377
KM821806,MH887904,MH887832,MT001752
KM821859,MK117873,MT001765,MH053536
MK107965,MK117916,MK107944,MH887846
KM822105,KM822046,MK107951,MK118038
KM821804,MK117839,KM821939,KM822027
KM821865,KY425632,MH887761,MK118002
MH053578,KY425640,MH053526,MH887886
KM821998,KM821901,MH887776,MK118026
MH053493,KM821862,MH053536,LC388577
MH053526,MH215284,MK117956,MK117973
MH053573,KM821842,MH887770,MH053485
MH887842,MK117826,MH887856,MH157045
MH887797,MK117902,MK118033,MF317941
MH887854,MG812662,MK117846,JN651396
MK291250,MH215278,KM822041,LC388591
MH053562,MH887910,KM822107,JN651380
MK107950,KM822119,KM821931,MH053497
MK107915,MH887995,MH887797,MK118035
MK107913,KM822081,KM822008,MF317944
KM822088,MH053494,MH053533,MK117977
KM822002,MH887983,MH157050,MH887771
MK107957,MH887963,KM821957,MK107946
MK107938,MH053546,MT001767,MK107943
MK118016,KM821995,MN123698,MH053554
MK118009,MK117918,MN123699,MH053487
MK117991,KM822104,MN123700,MH887885
MK117999,KM821999,MK118035,MK107951
MK117987,KM821989,KM822067,MH053502
MK117983,KM821954,KM822086,MH887775
MK117858,KM821932,KM821994,MH887768
MK107909,KM821950,MK118028,MH887802
KM822037,KU978812,MH887861,MK117990
KM821963,MK107868,KM822037,MH887867
KM821815,KM822048,KM821935,MH887757
KM821899,KM821946,KM822105,MH053484
MH887765,KM822038,MT001768,MH053575
MH053536,KM821956,MK117963,MH887805
MH053564,KM821958,MH053487,MH887858
MK118027,KM821938,MH053577,MH887845
MK118028,MK107888,MH887831,MH887843
MK117863,KM821970,KM822023,MH053545
KM821949,KM821983,KM822071,MK117987
KM821845,KM821936,MK107943,MH887872
MG812685,KM821930,MH887815,MH887789
MG812661,MK107882,MH887885,MH887839
MG812670,MK107889,MH053554,MK107915
KM822111,KM821875,KM821959,MH053586
KM822122,KM821846,KM821967,MH887781
KM822113,KM821801,KM821998,MH887818
MG812650,MG812672,MH887808,MH887855
KM821897,KM821860,MH887760,MH887844
MK118022,KM821827,MH053490,MH887849
KM822099,KM821788,MK107937,MH887866
KM821884,KM821776,MH053544,MH157038
KY425650,KM821981,KM822014,MH887804
KY425643,KM822030,MT001764,KM822089
KY425638,MK117886,MH157044,GU481076
KM821889,KM822050,MH887817,MK281627
MH053514,KM821786,MH053513,HM143871
MH053513,MK117914,MK117992,KM821929
MH053511,MK107891,MH053584,KM821996
MH053586,KM821966,MK117950,KM822099
MK117857,KM822125,MK107923,MK118025
MH053498,MG812664,MG812641,MT001751
MK117847,MK107887,KU978811,MK117862
MH053491,KM821973,AF182223,MH887889
MH887755,MG812678,AF182224,MH887769
MH887780,KM821797,MK107966,MH887832
MH887826,MG812634,MK107928,KP640574
KM822062,MK117877,MK107962,MH887777
KM822018,MK117945,MK107922,MK117979
MK117962,MK117941,MK107967,KM822072
KM821977,MH887908,AF182225,MH053573
MK117970,MK117899,AF182226,MK107937
KM821969,MK117928,MK117978,MH053523
MK117985,MK117915,MK117948,DQ010031
KM821920,MK117907,MK281631,JN651367
KM821974,KM822001,MK117954,JN651384
MK107952,MK107854,MK117981,MH157046
MK118030,MG812680,MK118014,MT001750
KM821967,KM821940,MK117983,MH887870
KM821965,KM821915,MK117965,KM821990
KM821988,KM821913,MH887891,MH053498
KM821939,KM821928,MK118026,KM821967
KM822043,MK107881,MH887893,JN651373
MK117864,KM822021,MH887892,KM822088
KM821986,KM821960,MH887850,MH887891
KM821924,KM822056,MH053555,MK117959
KM821929,MK117920,MK118003,MK117951
MG812681,MK117890,MK118039,KM821937
KM822023,KM821921,MH053567,MK118029
MK117852,MK117940,KM821941,MH887792
KT992417,KM821934,MK117986,MK291248
MH157035,MK117939,MK117951,MH887794
MH053561,KM821962,MK118012,MK281624
MH887807,KM821948,MK117988,MK118023
MH887790,MK117843,MK117955,KP640570
MK117997,KM822042,MH887816,KM821992
MH887867,KM821831,MH887827,MH887772
MH887843,KM821805,MH887790,MH887893
MH887830,KM821823,MH887873,KM822025
MH887761,KM821803,MH053588,MH053578
MH887767,MG812659,MH887791,MH887876
MH053588,MG812630,MK117860,MK117963
MH053559,KM821844,MH887807,MH887812
MH053485,MG812637,MK118001,KM821957
MH053490,KU978809,MK118007,MK117982
KU961971,MG812649,KM822057,KM822031
KM822006,MG812684,MK107936,MK118009
MK117980,MH215288,MH887806,MK117846
MK118021,KM821813,MH887868,MH887887
KM822016,JN650518,MH887762,MK117976
MG812658,MK107860,MH053522,MH887779
KM821906,MK117932,MK107956,MH887829
MH887815,MG812660,KM821963,MH053514
MH053497,MK107866,MK117861,KM822023
MH887868,KT992432,MK118002,KM822071
KY425641,KT992433,MH157032,MH887782
KM821832,MK107875,MH887788,MH053506
MH157034,MK117889,MH887793,HM143868
MH053545,MK117884,MH053561,KM822012
MH887855,MH887907,MH887835,MH887838
MH887880,MK117938,MH887795,MK118001
MH887818,MK117933,MH887883,MH887763
MH887801,KM821964,KM822062,MH887807
MH887806,MK117878,MK107964,MK117860
MK117977,KM821987,KM822065,MH053531
MH887757,MH053570,KM821953,HM143877
MH887778,MH053571,KM821951,HM143880
MF990889,MK117888,GU481074,MK117851
KM822065,KM822090,KM822010,MH887756
KM822078,MK117930,MH053580,MH887824
MK117973,MK117893,KM821955,MK107955
MK117964,KM821968,MK107946,MH053488
MK117972,KM822052,MK118024,MH053576
KM821843,KM821917,MH887894,MH053538
KT992419,MG812640,KM821984,KM821982
MK118024,MK107861,KM821947,MK107964
KM822008,KM821866,KM821988,HM143874
KM821880,KM822114,MH887888,JN651386
MH887839,KM821774,MK117984,MK117991
MH887789,MK107842,MH887794,MK118016
MH887869,MK107843,MK107948,MH887892
KM822012,KM821926,MH157052,MK117970
KM822020,MK117900,MK117966,MK117965
KM821854,KM822094,MH887826,KM821955
MH053574,KM822085,MH887871,MK117985
MH887882,KM821881,MH887840,MH887881
KM821876,KM822110,MH157028,KM822049
MH887866,KM821807,MH887859,MH053483
MH887889,MG812668,KM822012,MH887815
KM822071,KM821793,MH887763,MK117856
MH887776,MG812638,MK107916,MH157052
MH887840,MK117925,MH053559,KM822057
MH887822,KM822092,MK107909,MK118003
MH887829,MK117926,KM822047,GU830814
MH887888,KM821772,KM821922,GU830813
MH887864,MH887927,MK118009,MH887869
KM821892,KM821993,MH887758,MH887847
KM821830,KM822106,MK118008,MH887761
KM821852,KM822102,MH887764,KM822105
MK117862,KT992429,KM822069,KM822043
MH053502,KT992431,MK118016,MK118022
MK117865,KT992430,MH887830,MH157041
MK118031,KT992428,MK117999,MH887787
MH053483,KT992427,MK117858,MH887800
MH887832,KT992426,MH887780,MK107908
MH887881,GU481071,MH887864,MK291249
MH887766,KM822108,MH887895,KM822074
MH887844,MH887950,MH887848,MH887783
MH887795,MH887930,MH887773,KP640571
MH887775,MH887937,MK117949,MK117850
MH887771,KM822019,MK107897,MK107907
MH053544,KM822087,MH887796,MH053493
MH053531,KM822007,MK107950,MH053564
MH053488,KM821893,MK117864,MH887755
MH887861,KM821879,MK118030,MK117865
MH887870,MH887961,MH887803,MH887762
KM822103,KM822013,MK117962,MH887759
KM822109,MK117866,KM821943,MH887862
MK117995,MG812682,MK117854,MH887786
KM821925,KM821821,KM822002,KM821920
MK107954,MG812651,MK107938,KM822059
KM822084,KM822003,MH887801,KM822097
KM822117,KT992434,MH157035,MK117964
MH053537,KM822083,MH887766,MH887840
MH887836,MH157029,MH887829,MK117984
MK117855,MH215280,MK117855,MK117962
KM821909,KM822064,MK117967,MH887884
KM821887,MH888004,MH887879,KM822109
MH053554,MH053515,MH887882,MH887850
MH215281,MH888001,MH887877,KM822076
MH887849,MH887941,MH053518,MH053537
MK117996,MH887956,MH887865,MH157028
MK117994,MH887989,MH053528,KM822101
MK117986,MH887902,MH887774,MH887868
MK117856,MH887929,MH887890,MK117858
MH887786,MH887939,MH887812,MH887780
MH887883,KM822077,MK117987,MH887864
MK118025,KM821891,MH887818,MH887895
MK118017,MH887931,MH887849,MH887871
KM822063,MH887915,MH887866,MK107936
KM821972,MH887960,MK107915,MK107913
MK107947,MK107885,MH053586,KM822062
KM821980,MK107879,MH053545,KM822065
MK107953,MK107896,MH887845,MH053588
MK107966,MK117924,MH887872,MH887790
MH053555,MK117827,MH887781,MH887875
MH887838,MH053521,MK117990,GU481074
KM821871,MH887973,MK117959,MH887791
MH887803,KM821905,MH887804,MH053555
MH887857,MK107884,MK107957,KM822045
MH053533,KM821896,MH887843,MK117854
MK117851,MH887916,MH887867,MH157035
MK117967,MH053542,MH887757,MH887766
MH887800,MH887992,MH887789,MH887877
MH887845,MK107865,MH887839,MH053518
MK118033,MG812646,MK117998,MH887773
MH887762,GU481073,MH887836,KM821935
MH887793,MK107871,MK117991,KM822037
MH887827,GU979513,MH887805,KM821994
MH887865,MH053565,MH053484,KM822067
KM821848,MK107874,MH887784,MH887819
KM821890,MK107846,MH157038,KP640563
MH887877,KM821975,MH887844,MH887770
MH157038,KM822079,MH887855,MH887856
MH887805,MH887984,MH887792,MH887796
MH887858,MH157042,MH887775,MH887764
MH887783,MH053549,MH887858,KM821943
MH887887,MH053579,MH887768,MK107950
MH887884,MH887974,MH053575,KM822002
MH053576,MH887945,MH887802,MK107909
MH887787,LC387487,MH887821,MH887848
MH887875,KM822075,MK118036,JN651393
MH887879,LC387489,MH053514,MH157044
KM821867,KM822058,MH887857,MH053513
MH887878,KM821853,MK117848,MK118008
KM822101,MH887954,KM822035,KM822008
MK117956,MH887966,KM822088,MH053533
KM822014,KM821829,KM822045,MT001748
MH887848,MH887938,KM822000,MH157050
KM821877,MH887940,MH887897,MK281625
MH053551,MH887969,MH053498,MH887859
KM822059,MH887998,MH887870,MH887853
MF990888,MH887982,KM822043,MH887814
MK117979,MH888003,MK117972,MH887813
KM822080,MH887912,KM821990,MH887798
MH887841,MH887996,MK117970,KM822086
MH887804,MH887959,MH887767,MK281631
MH887763,MH887943,MH887884,JN651388
KM822089,MH888002,AF182222,MH887882
KM821992,MH053512,MH887786,MH887774
MH053577,MH053520,MH887833,MH887890
KM822093,MH887947,MK291250,KM822078
MH053575,MH887901,MH053537,MH887863
MH887768,MH887919,MK117969,HM143870
KM821994,MH888000,MH157037,JN651375
MH887896,MH053505,MK118010,KP640566
MH887791,MH053530,MH157045,KP640567
MH053538,MH887955,MK107963,MH887831
GU481074,MH053500,MH053493,KM822082
MH157032,MH053548,MH053564,MH887873
MK107963,MH887990,MK118021,MK117861
MH887758,MH157033,KM822099,MH157032
MH887756,MH887906,KM821965,KM821924
MK107948,MH887962,KM821914,MT001757
MK107969,MH887999,MH157034,MH887795
MH887808,MK291252,KM822103,MH887835
MH887831,MH887980,MH887755,MT001756
MH887777,MH887967,MK118022,MH887760
MH053506,MH887935,MH887862,MT001745
MH053560,MH887958,KM822033,MK117864
KM822004,MH887979,KM821933,MH887803
MK117998,MH887981,KM822055,KM821971
MK117861,MH053547,GU481078,KM821925
MK107942,MH887903,KM822016,MK107898
GU830839,MH053529,MT001759,KM821951
MK107929,MH887964,KM822072,MK117968
MH053476,MH053496,MH053531,KM822069
GU481072,MH887922,MH887854,KM822016
GU481070,MH887993,MH887798,MK118030
MK107924,MK117937,MH887813,MK117972
GU481068,MH053499,KM822101,MK117999
GU481078,MK117842,MH887778,MH887854
GU481076,MH157053,KM822066,MK117986
MK107958,LC387471,MH887876,MH053490
MK117971,LC387485,MH887874,MK118031
KT992424,KM821903,KM821996,MH887822
MK107968,MK107883,KM822039,MH887808
MK107921,MH157048,KM822063,MK107948
MK107945,MK281629,KM822082,MK117958
KT992422,MH887942,MK117850,KM822010
KT992423,MH887987,MT001766,MH053553
MK107930,LC387469,AF182221,MH887825
MK107910,LC387483,KM822027,MH887785
MK107914,LC387475,MH887878,MK117948
MK107917,KM822096,GU481076,MK118036
MK107931,KM821868,KM822089,KP640576
MK107933,LC387479,KM822076,KP640564
MK107932,MH887926,MH887811,MT001754
MK107949,MH053473,MH887863,MK107972
MK107935,MH887957,MH887886,MT001746
MK117959,LC387473,MK117857,MH053522
MK107967,LC387481,MK117997,MH887841
MK118020,MK117905,KM822018,MH053528
MK107955,LC387477,KM822053,MH887801
KM821904,MK117913,KM822049,KM822055
KM822076,MH053492,MH053578,KM821933
MK117976,MK117837,MH887881,MK107944
KM822126,KM822121,MK117851,KM822033
MK117949,KM822116,KM821961,MH053561
MH053518,KM822112,KM822025,KM822020
MH053478,MH157031,KM821937,KM822091
MK117961,MH887949,MH053557,MK107956
MK107925,MH053568,MH887824,MK107916
MH887851,MH053503,MK118029,MH053559
KM822067,MK117895,KM821969,MK107897
MH887894,MH887986,MH887822,MK118007
MK117846,MH887944,KM821924,MH887806
MK118026,MH053489,MH887896,KM822053
MK118029,MH887920,KM822051,KM821998
MK118002,MH887985,MH887819,KM821959
MH887764,MH053517,KM821971,MH887896
KM822095,MH053516,KM821925,MH887823
MK107900,MH887946,KM822031,MH053582
MH887785,MH157047,KM822078,MH053574
KM821878,MK117923,KM822109,MH053544
MK107934,MH887988,MH053551,MH887776
KM822010,MK117867,MN123704,MH887830
KM821790,MH053543,MT001770,MT001753
KM821885,MH053519,KM821920,KM822103
MH887769,MH887933,KM822029,KM821988
MK118003,MH887934,KM822059,KM821947
MH053528,MH053585,KM822084,KM821912
MK118011,MH053507,KM822097,KM822084
MH053582,MK117831,KM821912,KM822029
MK291249,,MH887853,KM821949
MK118014,,MH887810,MH887793
MK117984,,MH053573,KP640572
MK117958,,MH053497,MK117967
KM822097,,MK107927,KM821963
MH887784,,MG812653,KM822066
MH887872,,MH215279,MH887816
MH887779,,MG812677,MH887758
MH887772,,MG812663,MH053557
MH887770,,MG812655,MH887810
MH887819,,MG812667,MH887788
MH887873,,MG812657,MH887833
MH887885,,MG812670,MH887817
MH053487,,MG812669,MH887811
MH887846,,MH215283,MH053580
MH887897,,MH215281,MH887897
MH157050,,MG812665,MH053577
MH053580,,MG812632,GU481078
KM821869,,AF182271,MK117949
MK118034,,MG812658,MH887878
MK117966,,MH215289,MH887883
MK118019,,MG812661,MK117855
MK118001,,MG812673,MH887879
MH887890,,MG812679,MH887888
MH887825,,MG812650,KM822014
MH887798,,MH215287,MH887778
MK117848,,MK656436,MK117847
MK291248,,MK656437,MH053491
MH887773,,KF478765,MH887765
MH887792,,KF478769,KM822006
MH887874,,KF478767,MH887842
MH157045,,FR832711,MH053526
MH887847,,AF246121,MK107938
MH887802,,MK656431,KM821969
KM822066,,MK656432,KM822000
MK118008,,MK656433,KM821986
MH887853,,MK656434,KM821965
MH887811,,MK656427,KM821939
MH157028,,MK656435,KM822051
MH887895,,MK656428,KM822018
MH887760,,MK656429,MH887826
MH887852,,MK656430,MH887827
MH053589,,KF478768,KM821941
KM821872,,MK656438,KM821918
MH157041,,KF478766,KM821916
MH053484,,MK656439,KM821927
MH157037,,DQ832699,KM822093
MH887892,,DQ832698,KM821914
MK118010,,DQ832694,KM822041
MH053567,,DQ832695,KM822107
MK107959,,DQ832696,KM822004
MG812677,,DQ832693,MK107963
MH053553,,DQ832697,KM822022
MH887828,,DQ832692,KM821972
MH887821,,KM406541,KM822080
MH887816,,KM406543,KM822060
MH887834,,KM406544,KM821931
MH887799,,KM406545,KM821953
MG812657,,KM406546,KM821945
MH887837,,KM406550,MK117859
MH887860,,KM406551,MK118000
MK107960,,KM406540,MK118028
MK117853,,KM406542,MH887861
MH053552,,KM406547,MK118021
MK107951,,KM406548,MH887797
MK281627,,KM406549,MH887767
MH053501,,AF182267,MH157034
MH887788,,MG812631,MK117956
MK117974,,AF182268,MH887857
LC387472,,AF182266,MH053551
LC387470,,AF182256,MH887865
MK107927,,DQ832681,KM822035
MH157044,,AF182257,MT001755
MH887796,,KU978807,KJ944260
MH887759,,MG812685,DQ010030
KM821907,,AF182269,JQ511991
MK117860,,KP339069,HM143872
MH053527,,KP339064,HM143873
LC387468,,KP339065,HM143875
MK117993,,DQ832676,HM143878
LC387474,,DQ832677,HM143879
MH887823,,KP339085,JN651366
KM822060,,DQ832690,JN651368
MH053522,,AF182270,JN651369
MH887833,,MK107898,JN651371
MH887817,,KP339066,JN651372
MH887856,,DQ832678,JN651378
MH053474,,DQ832669,JN651379
MH053472,,KP339109,JN651381
MH887893,,KP339059,JN651382
MH887835,,KP339060,JN651383
MH887774,,KP339062,JN651385
KM821895,,KP339067,JN651387
MK117849,,KP339068,JN651389
MH053480,,KP339090,JN651390
LC387482,,KP339119,JN651391
MH053482,,KP339126,JN651392
LC387484,,DQ832672,JN651394
LC387476,,DQ832674,JN651395
MH053468,,DQ832679,JN651397
MK117989,,GU830839,JN651398
LC387478,,KP339063,MF317939
LC387486,,DQ832675,MF317940
MH053572,,KP339055,X52400
MH887820,,KP339056,MK107978
MK117951,,KP339057,MK107965
MH887824,,KP339094,AJ969408
MH053475,,KP339108,MK107982
MH053470,,KP339116,AY628206
LC387488,,KP339120,MG812635
MH053557,,KP339122,MH053478
MH887863,,DQ832670,GU481063
MH053463,,KM821859,MH053476
MK118013,,KP339053,MK107929
LC387480,,DQ832667,GU481060
KM821910,,KP339077,GU481072
MH887810,,KP339086,GU481070
MH887871,,KP339129,MF317942
MH887813,,KP339114,MF317943
MK107946,,DQ832686,MK107975
KT992425,,DQ832691,MF317933
MH887809,,DQ832689,MF317934
MH887886,,DQ832668,MF317935
KM821886,,KP339071,GU573551
MH887782,,KP339073,KF478769
MH053584,,KP339101,FJ824031
MK117950,,DQ832682,KF478767
MH887794,,KP339074,GU573548
MH887891,,KP339078,GU573547
MH887781,,KP339079,GU573549
MK118038,,KP339130,KF478765
MH887876,,KP339133,GU573552
,,DQ832683,GU573550
,,DQ832685,MK656425
,,DQ832687,KF478766
,,DQ832688,KF478768
,,KP339072,MK656423
,,KP339075,MK656426
,,KP339080,MK656424
,,KP339096,FR832711
,,KP339099,MK656415
,,KP339100,MK656416
,,KP339102,MK656417
,,KP339097,MK656422
,,DQ832684,MK656421
,,KP339052,MK656419
,,KP339058,MK656420
,,KP339091,MK656418
,,KP339092,MK656414
,,KP339104,KM821790
,,KP339106,GU830819
,,DQ832671,KM821872
,,KP339061,MG812669
,,KP339070,GU830832
,,KT833176,GU830831
,,KT833181,GU830820
,,KT833211,GU830827
,,DQ832673,GU830812
,,DQ832680,MG812658
,,AF182238,GU830825
,,MG812639,MH215283
,,KT833207,GU830816
,,KT833208,GU830830
,,KT833184,MG812665
,,KT833187,MG812673
,,KP339105,MH215281
,,KP339088,GU830817
,,KP339093,GU830826
,,KP339084,MH215289
,,KT833222,GU830833
,,KT833209,MG812661
,,KT833206,MN123673
,,KT833200,KT992419
,,KT833198,KT992420
,,KT833199,KT992421
,,KT833202,KT992417
,,KT833196,KT992416
,,KT833201,KT992418
,,KT833195,MN123670
,,KT833191,MN123661
,,KT833180,MN123689
,,KP339123,MN123688
,,KP339124,MN123674
,,KP339125,MN123666
,,KP339115,KU978807
,,KP339117,MG812685
,,KP339118,KM821798
,,KP339112,MN123694
,,KP339113,MN123693
,,KP339107,GU830843
,,KP339098,GU830840
,,KP339089,MN123692
,,KT833186,MN123657
,,KP339131,MN123667
,,KP339087,MN123671
,,KP339132,MN123672
,,KT833193,MN123696
,,KT833220,MN123669
,,KT833183,MN123676
,,KT833210,MN123678
,,KT833205,MN123662
,,KP339121,MN123660
,,KP339083,MN123665
,,KP339110,MN123668
,,KP339082,MN123675
,,KT833216,MN123677
,,KT833217,MN123695
,,KT833214,MN123681
,,KP339054,MN123690
,,KT833219,GU830841
,,KT833203,MN123664
,,KT833188,MN123663
,,KT833182,MN123679
,,KT833185,MN123685
,,KT833189,MN123691
,,KT833190,MN123687
,,KT833204,MN123686
,,KT833213,MN123682
,,KT833192,MN123658
,,KT833175,MN123684
,,KT833177,GU830839
,,KP339103,GU830838
,,KT833221,MN123659
,,KP339127,MN123680
,,KP339111,MN123683
,,KT833194,KM821847
,,KT833178,KM821904
,,KT833179,KM821802
,,KT833212,KM406611
,,KT833215,KM406610
,,KT833218,KM406612
,,KP339051,KM406613
,,KP339128,KM406614
,,KP339050,KM406615
,,KT833197,KM406616
,,KP339081,KM406617
,,MT001761,KM406618
,,MN123709,KM406619
,,MN123697,KM821822
,,MN123707,GU830837
,,MT001760,GU979508
,,MT001762,KM821885
,,MN123705,MG812636
,,MN123703,MG812648
,,MT001769,AY628205
,,MT001758,AY628201
,,MT001763,KY425635
,,KP339095,KU978810
,,KP339076,KY425642
,,KF926390,MG812645
,,KM821909,MH215285
,,KM821869,GU830821
,,KM821861,KM821856
,,KM821871,MN123651
,,KM821835,MN123654
,,KM821833,MN123655
,,MH732623,MN123656
,,MH732633,MN123652
,,MH732634,GU830842
,,MH732624,MN123653
,,MH732625,KM821859
,,MH732626,KM821833
,,MH732627,KM821869
,,MH732628,KM821871
,,MH732629,KM821861
,,MH732630,KM821835
,,MH732631,KM821909
,,MH732632,GU979504
,,MH732635,GU979503
,,MH732636,KM821874
,,MH732637,MG812632
,,MH732638,MG812631
,,MH732639,MG812670
,,MH732640,KM821806
,,AF182265,KM821804
,,AF182264,AY179173
,,AY628201,KM406620
,,MG812645,KM406621
,,KY425635,KM821845
,,KU978810,KM821800
,,KY425642,MG812657
,,AF182262,GU830818
,,AF182261,GU830836
,,AY628205,GU830835
,,AF182263,GU830828
,,MH215285,GU830824
,,MG812636,MH215287
,,MG812648,GU830829
,,AF182259,MG812663
,,AF182260,MG812679
,,AF182258,MG812653
,,KM821885,MG812667
,,KM821847,MG812677
,,KM821802,GU830815
,,KM821904,GU830834
,,AF182255,MG812650
,,KM406555,GU830822
,,KT992417,MG812655
,,KT992416,MH215279
,,KT992418,GU830823
,,KT992420,MK978784
,,KT992421,KM821773
,,KT992419,KM821867
,,KM821874,KM406597
,,KM821798,KM406602
,,AY179173,KM406605
,,KM821822,KM406593
,,KM821837,KM406598
,,KM821872,KM406599
,,KM821775,KM406600
,,KM821792,KM406601
,,KM821900,KM406603
,,KM821894,KM821839
,,KM821897,KM821812
,,KM821906,GU979505
,,KM821902,GU979506
,,KM821890,AJ310764
,,KM821907,KM821792
,,KM821850,KM821832
,,KM406534,KM821775
,,KM406526,KM406594
,,KM406531,KM406609
,,KM821854,KM821783
,,KM406527,KM821841
,,KM406529,KM821857
,,KM406530,KM821865
,,KM406532,KM822115
,,KM406528,KM822111
,,KM406536,KM821815
,,KM821845,KM822126
,,KM821878,KM821876
,,J04324,KM821816
,,NC_004296,KM821808
,,AY628203,KM821899
,,HQ688672,KM821843
,,HQ688673,KM821779
,,JN650517,KM406590
,,KY425638,KM406591
,,KY425643,KM406592
,,KY425650,KM406595
,,KY425641,KM406596
,,MG812643,KM406607
,,AF182234,KM406608
,,MG812683,KM406622
,,AF182233,KM822130
,,KM821773,KM822132
,,AF182243,KM821781
,,KM821800,KM821852
,,KM821783,KM821886
,,KM821777,KM406623
,,KM821789,KM821837
,,KM821785,KM821830
,,KM821820,KM821787
,,KM821814,AJ969404
,,KM821863,KM821884
,,KM822124,KM821889
,,KM822120,MG812639
,,KM822118,KM821794
,,KM821830,KM821824
,,KM821826,J04324
,,KM821828,NC_004296
,,KM822113,AY628203
,,MN275173,HQ688672
,,KM822122,HQ688673
,,KM821848,JN650517
,,AF182246,KY425638
,,KM406535,KY425643
,,AF182244,KY425650
,,KM821882,KY425641
,,KM406533,M15076
,,KM821818,MG812683
,,KM821877,KM822113
,,AF182253,KM821820
,,KM821806,KM821863
,,KM406552,KM821814
,,KM406553,KM821878
,,KM406554,KM406606
,,KM406522,KM822124
,,KM822111,KM822122
,,KM406538,KM821902
,,KM406539,KM821890
,,KM821824,KM821907
,,KM821787,KM821818
,,KM821794,KM821877
,,MG812647,KM821882
,,KM821804,KM821900
,,AF182235,KM821894
,,AF182236,KM821897
,,AF182237,KM821906
,,AF182245,KM821850
,,AF182254,KM821826
,,AF182239,KM822120
,,AF182240,KM821880
,,AF182241,KM822117
,,AF182242,KM821854
,,KM821867,KM821887
,,KM821856,AJ969406
,,KM821832,MG812647
,,KM821812,KM821828
,,KM821790,KM821810
,,KM822115,KM821777
,,KM406537,KM821785
,,KM821887,MN275173
,,KM821815,KM822118
,,KM822126,KM821848
,,KM821880,KM821796
,,KM822117,KM821895
,,KM822130,KM821910
,,KM821810,KM821892
,,KM821796,KM821789
,,KM821895,MG812643
,,KM822132,KM406604
,,KM821892,AJ969405
,,KM821910,AJ969409
,,KM821857,AY628207
,,KM821841,KM822128
,,KM821865,MG812675
,,KM821852,AF181853
,,KM821886,AY628208
,,KM821884,MK107980
,,KM821889,LT601602
,,KM406556,KU961971
,,KM821781,MF990889
,,KM406521,MF990888
,,AF182249,MK118034
,,KM821843,MK107934
,,KM821779,MH053463
,,KM821876,MK107973
,,AF182252,MK107914
,,AF182250,MK107910
,,KM821816,MK107931
,,KM821808,MK107932
,,KM406518,MK107968
,,KM406519,MK107971
,,KM406520,MH053475
,,KM406523,MH053472
,,KM406524,MK107933
,,KM406525,MK117849
,,KM821899,MK107949
,,KM821839,AF333969
,,AF182248,MK107935
,,AF182251,JN651374
,,AF182247,MK107917
,,LT601602,MK107939
,,KU961971,MH053482
,,MF990889,MK107974
,,MF990888,MK117989
,,X52400,MK107941
,,GU481070,MK107921
,,GU481061,MK117971
,,GU481072,MH887809
,,MH053476,MK107930
,,MK107929,KT992422
,,AF182232,KT992423
,,GU481064,KT992424
,,AF182231,MK107918
,,AF182230,MH053470
,,MK107965,MK107912
,,AF182228,MH053589
,,AY628206,MH053480
,,MG812635,KM821980
,,AF182227,MK107953
,,AF182229,MK107940
,,MH053478,MK107945
,,MK107941,MK118011
,,MH053480,MK107954
,,MK107917,MK117952
,,KM821980,MK117852
,,MK107912,MK107947
,,MK107918,MK107920
,,MH053470,MK107911
,,MK118034,MH053468
,,MK107953,MK107900
,,MH053482,MK107919
,,MK107939,MH053474
,,MK107940,MK107899
,,MK107947,MK107979
,,MK107899,
,,MH053589,
,,MH053468,
,,MK117989,
,,MK107911,
,,MK107900,
,,MK107945,
,,MK118011,
,,MK107954,
,,MK107919,
,,MH053474,
,,MK107920,
,,MK117952,
,,MK117852,
,,MK117971,
,,MH887809,
,,MK107921,
,,MK107930,
,,KT992422,
,,KT992423,
,,KT992424,
,,MK107935,
,,MH053472,
,,MK117849,
,,MK107933,
,,MK107949,
,,MH053475,
,,MK107968,
,,MK107914,
,,MK107934,
,,MH053463,
,,MK107910,
,,MK107931,
,,MK107932,
,,AF333969,
,,AF182272,
